{
  "train_loss": 0.10169567912817001,
  "test_loss": 0.10463547706604004
}