{
  "train_loss": 0.0849112719297409,
  "test_loss": 0.09010986983776093
}